{
  "seeds": [
    11,
    22,
    33,
    44,
    55
  ],
  "macro_f1_mean": 0.3980469289164941,
  "macro_f1_std": 0.0,
  "accuracy_mean": 0.9244444444444444,
  "weighted_f1_mean": 0.9416601487615981
}