seed,accuracy,macro_precision,macro_recall,macro_f1,weighted_f1
11,0.9244444444444444,0.3609222497932175,0.475546218487395,0.3980469289164941,0.9416601487615981
22,0.9244444444444444,0.3609222497932175,0.475546218487395,0.3980469289164941,0.9416601487615981
33,0.9244444444444444,0.3609222497932175,0.475546218487395,0.3980469289164941,0.9416601487615981
44,0.9244444444444444,0.3609222497932175,0.475546218487395,0.3980469289164941,0.9416601487615981
55,0.9244444444444444,0.3609222497932175,0.475546218487395,0.3980469289164941,0.9416601487615981
